INSERT INTO CUSTOMER (CUSTNO,CUSTFIRSTNAME,CUSTLASTNAME,CUSTCITY,CUSTSTATE,CUSTZIP,CUSTBAL) VALUES ('C0954327','Sheri','Gordon','Littleton','CO','80129-5543','230.00');
INSERT INTO CUSTOMER (CUSTNO,CUSTFIRSTNAME,CUSTLASTNAME,CUSTCITY,CUSTSTATE,CUSTZIP,CUSTBAL) VALUES ('C1010398','Jim','Glussman','Denver','CO','80111-0033','200.00');
INSERT INTO CUSTOMER (CUSTNO,CUSTFIRSTNAME,CUSTLASTNAME,CUSTCITY,CUSTSTATE,CUSTZIP,CUSTBAL) VALUES ('C2388597','Beth','Taylor','Seattle','WA','98103-1121','500.00');
INSERT INTO CUSTOMER (CUSTNO,CUSTFIRSTNAME,CUSTLASTNAME,CUSTCITY,CUSTSTATE,CUSTZIP,CUSTBAL) VALUES ('C3340959','Betty','Wise','Seattle','WA','98178-3311','200.00');
INSERT INTO CUSTOMER (CUSTNO,CUSTFIRSTNAME,CUSTLASTNAME,CUSTCITY,CUSTSTATE,CUSTZIP,CUSTBAL) VALUES ('C3499503','Bob','Mann','Monroe','WA','98013-1095','0.00');
INSERT INTO CUSTOMER (CUSTNO,CUSTFIRSTNAME,CUSTLASTNAME,CUSTCITY,CUSTSTATE,CUSTZIP,CUSTBAL) VALUES ('C8543321','Ron','Thompson','Renton','WA','98666-1289','85.00');
--
INSERT INTO EMPLOYEE (EMPNO,EMPFIRSTNAME,EMPLASTNAME,EMPPHONE,EMPEMAIL) VALUES ('E1329594','Landi','Santos','(303) 789-1234','LSantos@bigco.com');
INSERT INTO EMPLOYEE (EMPNO,EMPFIRSTNAME,EMPLASTNAME,EMPPHONE,EMPEMAIL) VALUES ('E8544399','Joe','Jenkins','(303) 221-9875','JJenkins@bigco.com');
INSERT INTO EMPLOYEE (EMPNO,EMPFIRSTNAME,EMPLASTNAME,EMPPHONE,EMPEMAIL) VALUES ('E8843211','Amy','Tang','(303) 556-4321','ATang@bigco.com');
INSERT INTO EMPLOYEE (EMPNO,EMPFIRSTNAME,EMPLASTNAME,EMPPHONE,EMPEMAIL) VALUES ('E9345771','Colin','White','(303) 221-4453','CWhite@bigco.com');
INSERT INTO EMPLOYEE (EMPNO,EMPFIRSTNAME,EMPLASTNAME,EMPPHONE,EMPEMAIL) VALUES ('E9884325','Thomas','Johnson','(303) 556-9987','TJohnson@bigco.com');
INSERT INTO EMPLOYEE (EMPNO,EMPFIRSTNAME,EMPLASTNAME,EMPPHONE,EMPEMAIL) VALUES ('E9954302','Mary','Hill','(303) 556-9871','MHill@bigco.com');
--
ALTER TABLE ORDERTBL MODIFY (EMPNO NULL);
--
INSERT INTO ORDERTBL (ORDNO,ORDDATE,CUSTNO,EMPNO) VALUES ('O1116324',TO_DATE('23/January/2013', 'DD/MM/YY'),'C0954327','E8544399');
INSERT INTO ORDERTBL (ORDNO,ORDDATE,CUSTNO,EMPNO) VALUES ('O2334661',TO_DATE('14/January/2013', 'DD/MM/YY'),'C0954327','E1329594');
INSERT INTO ORDERTBL (ORDNO,ORDDATE,CUSTNO) VALUES ('O3331222',TO_DATE('13/January/2013', 'DD/MM/YY'),'C1010398');
INSERT INTO ORDERTBL (ORDNO,ORDDATE,CUSTNO,EMPNO) VALUES ('O2233457',TO_DATE('12/January/2013', 'DD/MM/YY'),'C2388597','E9884325');
INSERT INTO ORDERTBL (ORDNO,ORDDATE,CUSTNO,EMPNO) VALUES ('O4714645',TO_DATE('11/January/2013', 'DD/MM/YY'),'C2388597','E1329594');
INSERT INTO ORDERTBL (ORDNO,ORDDATE,CUSTNO,EMPNO) VALUES ('O5511365',TO_DATE('22/January/2013', 'DD/MM/YY'),'C3340959','E9884325');
INSERT INTO ORDERTBL (ORDNO,ORDDATE,CUSTNO,EMPNO) VALUES ('O7989497',TO_DATE('16/January/2013', 'DD/MM/YY'),'C3499503','E9345771');
INSERT INTO ORDERTBL (ORDNO,ORDDATE,CUSTNO) VALUES ('O1656777',TO_DATE('11/February/2013', 'DD/MM/YY'),'C8543321');
INSERT INTO ORDERTBL (ORDNO,ORDDATE,CUSTNO,EMPNO) VALUES ('O7959898',TO_DATE('19/February/2013', 'DD/MM/YY'),'C8543321','E8544399');